# Produit,Type,Nom,Emballage,Prix Coutent,Renouvellement,Description Acomba,Produit fournisseur,À jour,NoProduits,Actif,Nom Anglais,Emballage Anglais
200,BŒUF,BIFTECK CONTRE FILET // BEEF STRIPLOIN STEAK,340 GR -   12 OZ,11.73 $,108,BIFTECK CONTRE FILET ''NEW YORK'',0033,TRUE,311,TRUE,#Name?,#Name?
201,BŒUF,BIFTECK FAUX FILET // BEEF RIBEYE STEAK,340 GR -   12 OZ,11.73 $,108,BIFTECK ENTER CÔTE  (SPENCER)  FAUX FILET,0037,TRUE,2014,TRUE,#Name?,#Name?
202,BŒUF,BIFTECK SURLONGE //BEEF SIRLOIN STEAK,340 GR - 12 OZ,6.38 $,59,BIFTECK SURLONGE DES./BOSTON,0004,TRUE,2381,TRUE,#Name?,#Name?
203,BŒUF,BIFTECK AU POIVRE  // BEEF PEPER STEAK,227 GR -   8 OZ,4.00 $,37,BIFTECK INT./RONDE SUISSE,0003,TRUE,2018,TRUE,#Name?,#Name?
204,BŒUF,BIFTECK DU ROI INT/ RONDE // FRENCH STEAK INSIDE ROUND,227 GR -   8 OZ,3.75 $,34,BIFTECK DU ROI DÉLICEUX,0006,TRUE,2017,TRUE,#Name?,#Name?
205,BŒUF,BIFTECK SANDWICH SOUS-MARIN // BEEF SUBMARIN STEAK,454 LBS - 1 LBS-PDS,8.00 $,73,BROCHETTE DE BOEUF 3 POIVRES,7101,FALSE,2470,TRUE,#Name?,#Name?
206,BŒUF,BIFTECK DE ALOYAU '// BEEF T-BONE STEAK,340 GR -  12 OZ,9.68 $,89,BIFTECK DE ALOYAU ''T-BONE'',0028,TRUE,2405,TRUE,#Name?,#Name?
207,BŒUF,MINUTE STEAK ATTENDRI // BEEF MINUTE STEAK,2 X 227 GR- 8 OZ,7.50 $,69,BIFTECK EXT./ RONDE ATTENDRI,0001,TRUE,2023,TRUE,#Name?,#Name?
208,BŒUF,BIFTECK DE CÔTE (RIB STEAKS) // BEEF RIB STEAK,340 GR - 12 OZ,9.68 $,89,BIFTECK DE CÔTE (RIB STEAKS) // BEEF RIB STEAK,232,FALSE,2500,TRUE,#Name?,#Name?
209,BŒUF,BIFTECK DE FILET MIGNON // BEEF TENDERLOIN STEAK,2 X 227 GR -   8.OZ,24.50 $,225,BIFTECK DE FILET MIGNON,0840,TRUE,2388,TRUE,#Name?,#Name?
210,BŒUF,BŒUF HACHÉ EXTRA MAIGRE 90% // GROUND BEEF EX-LEAN,454 GR - 1 LBS-PDS,5.10 $,47,BŒUF HACHÉ EXTRA MAIGRE 90%,0079,FALSE,2415,TRUE,#Name?,#Name?
212,BŒUF,BŒUF HACHÉ EXTRA MAIGRE 90% // GROUND BEEF EX-LEAN,2.27 KG - 5 LBS-PDS,25.00 $,230,BŒUF HACHÉ EXTRA MAIGRE 90%,0069,TRUE,2392,TRUE,#Name?,#Name?
214,BŒUF,CUBES BROCHETTE DE BŒUF // BEEF KABOB CUBES,454 GR - 1 LBS-PDS,9.50 $,87,BROCHETTE DE BŒUF  (2 X 140 GR),0094,FALSE,2424,TRUE,#Name?,#Name?
215,BŒUF,CUBES BŒUF BOURGUIGNON // BEEF BOURGUIGNON CUBES,454 GR - 1 LBS-PDS,7.50 $,69,CUBES DE BOEUF BOURGUIGNON,0315,TRUE,2393,TRUE,#Name?,#Name?
216,BŒUF,CUBES À RAGOUT A MIJOTER // BEEF STEWING DICED,454 GR - 1 LBS-PDS,6.50 $,60,CUBES À RAGOUT,0156,TRUE,2033,TRUE,#Name?,#Name?
217,BŒUF,FOIE DE JEUNE BOUVILLION // BEEF LEVER,454 GR - 1 LBS-PDS,4.75 $,44,BIFTECK FOIE DE JEUNE BOUVILLION (2 X 113 GR),0200,FALSE,2423,TRUE,#Name?,#Name?
218,BŒUF,LANIÈRE DE BŒUF // BEEF STRIPS,454 LBS - 1 LBS-PDS,7.50 $,69,LANIÈRE DE BŒUF,10001,FALSE,2480,TRUE,#Name?,#Name?
219,BŒUF,PATTYS BERGER 100 % // 100 % PATTYS BERGER,454 LBS - 1 LBS-PDS,5.50 $,51,PATTYS BERGER 100 % BŒUF,221,FALSE,2488,TRUE,#Name?,#Name?
221,BŒUF,RÔTI SURLONGE DÉSOSSÉ // BEEF SIRLOIN BONELESS ROAST,908 GR - 2 LBS-PDS,17.00 $,156,RÔTI DE SURLONGE DÉSOSSÉ (COUPE FRANÇAISE),0044,TRUE,2396,TRUE,#Name?,#Name?
222,BŒUF,RÔTI SURLONGE DÉSOSSÉ // BEEF SIRLOIN BONELESS ROAST,1.36 KG - 3 LBS-PDS,23.67 $,217,RÔTI DE SURLONGE DÉSOSSÉ (COUPE FRANÇAISE),0045,TRUE,2397,TRUE,#Name?,#Name?
223,BŒUF,RÔTI SURLONGE DÉSOSSÉ // BEEF SIRLOIN BONELESS ROAST,1.81 KG - 4 LBS-PDS,34.00 $,312,RÔTI DE SURLONGE DÉSOSSÉ (COUPE FRANÇAISE),0885,TRUE,2398,TRUE,#Name?,#Name?
224,BŒUF,RÔTI PALETTE DÉSOSSÉ // BONELESS BLADE ROAST, 908 GR - 2 LBS-PDS,14.00 $,129,RÔTI DE PALETTE DÉSOSSÉ BŒUF (COUPE FRANÇAIS,0018,TRUE,2399,TRUE,#Name?,#Name?
225,BŒUF,RÔTI PALETTE DÉSOSSÉ // BONELESS BLADE ROAST,1.36 KG - 3 LBS-PDS,18.87 $,173,RÔTI DE PALETTE DÉSOSSÉ BŒUF (COUPE FRANÇAIS,0122,TRUE,2400,TRUE,#Name?,#Name?
226,BŒUF,RÔTI PALETTE DÉSOSSÉ // BONELESS BLADE ROAST,1.81 KG - 4 LBS-PDS,25.16 $,231,RÔTI DE PALETTE DÉSOSSÉ BŒUF (COUPE FRANÇAIS,0700,TRUE,2401,TRUE,#Name?,#Name?
227,BŒUF,RÔTI DU ROI (INT RONDE) // (INS ROUND) FRENCH ROAST,908 GR -  2 LBS-PDS,15.00 $,138,RÔTI DU ROI (INTÉRIEUR DE RONDE) BŒUF,0002,TRUE,2044,TRUE,#Name?,#Name?
228,BŒUF,RÔTI DU ROI (INT RONDE) // (INS ROUND) FRENCH ROAST,1.36 KG - 3 LBS-PDS,21.50 $,197,RÔTI DU ROI (INTÉRIEUR DE RONDE) BŒUF,0154,TRUE,2045,TRUE,#Name?,#Name?
229,BŒUF,RÔTI DU ROI (INT RONDE) // (INS ROUND) FRENCH ROAST,1.81 KG - 4 LBS-PDS,28.00 $,257,RÔTI DU ROI (INTÉRIEUR DE RONDE) BŒUF,0400,TRUE,2046,TRUE,#Name?,#Name?
230,BŒUF,TOURNEDOS BŒUF INT RONDE // BEEF INS-ROUND TOURNEDOS,2 X 227 GR - 2 X 8 OZ,8.00 $,73,BIFTECK TOURNEDOS NOIX  DE BŒUF,0956,TRUE,2404,TRUE,#Name?,#Name?
231,BŒUF,BIFTECK DE ALOYAU '// BEEF T-BONE STEAK,454 GR - 16 OZ,13.00 $,119,BIFTECK DE ALOYAU '// BEEF T-BONE STEAK,231,FALSE,2499,TRUE,#Name?,#Name?
232,BŒUF,BIFTECK DE CÔTE (RIB STEAKS) // BEEF RIB STEAK,454 GR - 16 OZ,13.00 $,119,BIFTECK DE CÔTE (RIB STEAKS),0030,TRUE,2386,TRUE,#Name?,#Name?
233,BŒUF,BIFTECK CONTRE FILET // BEEF STRIPLOIN STEAK,454 GR - 16 OZ,14.00 $,129,BIFTECK CONTRE FILET // BEEF STRIPLOIN STEAK,233,FALSE,2509,TRUE,#Name?,#Name?
234,BŒUF,BIFTECK FAUX FILET // BEEF RIBEYE STEAK,454 GR - 16 OZ,14.40 $,132,BIFTECK FAUX FILET // BEEF RIBEYE STEAK,234,FALSE,2510,TRUE,#Name?,#Name?
235,BŒUF,PORTER HOUSE STEAK // PORTER HOUSE STEAK,454 GR - 16 OZ,12.88 $,118,PORTER HOUSE STEAK,233,FALSE,2508,TRUE,#Name?,#Name?
236,BŒUF,BIFTECK SURLONGE //BEEF SIRLOIN STEAK,454 GR - 16 OZ,8.75 $,80,BIFTECK SURLONGE //BEEF SIRLOIN STEAK,236,FALSE,2513,TRUE,#Name?,#Name?
237,BŒUF,TOURNEDOS DE FILET MIGNON // TENDERLOIN TOURNEDOS,454 GR -1 - LBS-PDS,26.90 $,247,TOURNEDOS DE FILET MIGNON,237,FALSE,2514,TRUE,#Name?,#Name?
238,BŒUF,RÔTI DE PALETTE AVEC OS 2' POUCES D'ÉPAIS//ROAST BEEF WITH BONE IN 2 INCH,1 RÔTI-ROAST DE 4 LBS-PDS,28.00 $,257,RÔTI DE PALETTE AVEC OS 2' POUCES D'ÉPAIS//ROAST BEEF WITH B,238,FALSE,2531,TRUE,#Name?,#Name?
239,BŒUF,RÔTI DE PRIME RIB,1 ROTI DE PRIME RIB,50.00 $,459,,239,FALSE,2533,TRUE,#Name?,#Name?
240,BŒUF,STEAK DE BAVETTE,1 STEAK DE 2 LBS// 1 STEAK DE BAVETTE,21.00 $,193,,240,FALSE,2535,TRUE,#Name?,#Name?
300,DINDE,JEUNE DINDON CAT ''A'' // CAT ''A'' TURKEY,6.8 KG - 15 LBS-PDS,48.00 $,441,JEUNE DINDON CAT ''A'',0075,TRUE,360,TRUE,#Name?,#Name?
301,DINDE,DINDE HACHÉ // GROUND TURKEY,454 GR - 1 LBS-PDS,5.60 $,51,DINDE HACHÉ,8500,FALSE,2461,TRUE,#Name?,#Name?
302,DINDE,POITRINE DINDE DÉSOSSÉE // BONELESS TURKEY BREAST,906 GR - 2 LBS-PDS,16.25 $,149,POITRINE DE DINDE DÉSOSSÉE,302,FALSE,2484,TRUE,#Name?,#Name?
400,POISSON,FILET DAIGLEFIN // HADDOCK FILET,BOX / BOITE 10 PDS / LBS,81.42 $,748,FILET D'AIGLEFIN,2204,TRUE,624,TRUE,#Name?,#Name?
401,POISSON,FILET DE MORUE // COD FILET,BOX / BOITE 10 PDS / LBS,55.38 $,509,FILET DE MORUE,2206,TRUE,613,TRUE,#Name?,#Name?
402,POISSON,FILET SAUMON D'ATLANTIQUE // SAMON ATLANTIC FIL,BOX / BOITE 10 PDS / LBS,75.00 $,689,FILET DE SAUMON D'ATLANTIQUE,2207,TRUE,612,TRUE,#Name?,#Name?
403,POISSON,FILET DE SOLE // SOLE FILET,BOX / BOITE 10 PDS / LBS,80.00 $,735,FILET DE SOLE,2008,TRUE,384,TRUE,#Name?,#Name?
404,POISSON,FILET TILAPIA // TILIAPIA FILET,BOX / BOITE 10 PDS / LBS,72.94 $,670,FILET TILAPIA ,404,TRUE,615,TRUE,#Name?,#Name?
405,POISSON,FILET DE TRUITE ARC-EN-CIEL // RAINBOW TROUT,BOX / BOITE 5 PDS / LBS,51.71 $,475,FILETS DE TRUITE,0136,TRUE,617,TRUE,#Name?,#Name?
500,PORC,BACON À DÉJEUNER // BREAKFAST BACON,454 GR - 1 LBS-PDS,6.35 $,58,BACON À DÉJEUNER,0080,TRUE,385,TRUE,#Name?,#Name?
501,PORC,COTELETTE PORC AVEC OS // PORK CHOP BONE IN,2 X 227 GR - 2 X 8 OZ,3.00 $,28,COTELETTE DE PORC AVEC OS COUPE DE CENTRE,0091,FALSE,2229,TRUE,#Name?,#Name?
503,PORC,COTELETTE DÉSOSSÉE PAPILLON // BUTTERFLY CHOP,2 X 227 GR - 2 X 8 OZ,3.50 $,32,COTELETTE PORC DÉSOSSÉE ''PAPILLON'' (1 X 240 GR),0093,FALSE,2231,TRUE,#Name?,#Name?
505,PORC,CÔTELLETTE DÉSOSÉE TRANCHE SIMPLE // SINGLE SLICED CHOP,2 X 227 GR - 2 X 8 OZ,3.50 $,32,COTELLETTE PORC DÉSOSÉE TRANCHE SIMPLE,505,FALSE,2490,TRUE,#Name?,#Name?
507,PORC,CÔTE LEVÉES CHINOISE COURTE // PORK RIB CHINESE STYLE,1 KG - 2.2 LBS-PDS,6.10 $,56,COTELETTES LEVÉES CHINOISE COURTE,0077,TRUE,394,TRUE,#Name?,#Name?
509,PORC,CÔTE  DE DOS  // BABY BACK RIB       4 INCH,2 X 454 GR -  2 X 1 LBS-PDS,10.95 $,101,COTELETTES DE DOS DE PORC (BABY BACK),2000,TRUE,396,TRUE,#Name?,#Name?
510,PORC,CUBE NATUREL (1 POUCE) // NATURAL DICE (1 INCH),454 GR - 1 LBS-PDS,3.50 $,32,COQ AU PORC (POULET ET FILET),0902,TRUE,348,TRUE,#Name?,#Name?
511,PORC,CUBES À BROCHETTES // KABOB CUBES,454 GR - 1 LBS-PDS,3.40 $,51,CUBES DE PORC À BROCHETTES,0380,TRUE,399,TRUE,#Name?,#Name?
512,PORC,FILET  DE PORC // PORK TENDERLOIN FILET,340 to 400 GR - 12 to14 OZ,5.50 $,51,FILET MIGNON DE PORC,0064,TRUE,400,TRUE,#Name?,#Name?
513,PORC,JAMBON DÉSOSSÉ // HAM BONELESS TOUPIE,1.22 KG - 2.7 LBS - PDS,8.75 $,80,CUISSE DE JAMBON DÉSOSSÉ TOUPIE,0053,TRUE,334,TRUE,#Name?,#Name?
514,PORC,JAMBON PICNIC OS FESSE // HAM HIND BONE IN 8 LBS/PDS,"3,63 KG - 8 LBS-PDS",35.00 $,321,OS À SOUPE,0119,TRUE,345,TRUE,#Name?,#Name?
515,PORC,JARRET DE PORC (PATTE DE COCHON) // PORK SHANK,1.13 KG - 2.5 LBS-PDS,8.00 $,73,JARRET DE PORC ''VIANDE SEULEMENT'',0065,FALSE,2298,TRUE,#Name?,#Name?
516,PORC,PORC HACHÉ EXTRA MAIGRE // GROUND PORK EXTRA LEAN,454 GR - 1.LBS-PDS,2.85 $,26,PORC HACHÉ MAIGRE,0066,FALSE,2299,TRUE,#Name?,#Name?
517,PORC,TRIO BŒUF/PORC/VEAU/ HACHÉS // GROUND TRIO BEEF/PORK/VEAL,2.72 KG- 5 LBS-PDS,26.50 $,243,TRIO BŒUF/PORC/VEAU/ HACHÉS (TOURTIÈRE),0996,TRUE,343,TRUE,#Name?,#Name?
518,PORC,RÔTI DE LONGE DÉSOSSÉ // LOIN ROAST BONELESS,908 GR -  2 LBS-PDS,6.60 $,61,RÔTI DE LONGE PORC DÉSOSSÉ FILET,0010,TRUE,313,TRUE,#Name?,#Name?
519,PORC,RÔTI DE LONGE DÉSOSSÉ // LOIN ROAST BONELESS,1.36 KG - 3 LBS-PDS,9.60 $,88,RÔTI DE LONGE PORC DÉSOSSÉ FILET,0883,TRUE,315,TRUE,#Name?,#Name?
520,PORC,RÔTI DE LONGE DÉSOSSÉ // LOIN ROAST BONELESS,1.81 KG - 4 LBS-PDS,12.80 $,118,RÔTI DE LONGE PORC DÉSOSSÉ FILET,0875,TRUE,316,TRUE,#Name?,#Name?
521,PORC,SAUCISSES DÉJEUNER PORC ET BŒUF // BREAKFAST SAUSAGE,454 GR - 1 LBS-PDS,4.80 $,44,SAUCISSES PORC ET BŒUF 400 GR,0240,TRUE,341,TRUE,#Name?,#Name?
522,PORC,SAUCISSES TOUT BOEUF // HOT DOGS WEINERS ALL BEEF,454 GR - 1 LBS-PDS,4.05 $,37,SAUCISSES TOUT BOEUF HOT DOGS OLYMEL,9526,TRUE,340,TRUE,#Name?,#Name?
523,PORC,GRILLADE DE LORD,454 GR - 1. LBS-PDS,5.39 $,50,GRILLADE DE LORD,523,FALSE,2532,TRUE,#Name?,#Name?
524,PORC,RÔTI D'ÉPAULE AVEC OS (EFFILOCHÉ) // SHOULD ROAST BONE IN (PULLED),1 ROTI  DE 8 LBS //1 ROAST 8 PDS,24.00 $,220,RÔTI D'ÉPAULE AVEC OS (ÉFLOCHÉ) // SHOULD ROAST BONE IN (ÉFL,524,FALSE,2534,TRUE,#Name?,#Name?
600,POULET,AILES DE POULET COUPE BUFFALO // CHICKEN WINGS BUFFALO,"2  KG - 4,4LBS-PDS",18.00 $,165,AILES DE POULET COUPE BUFFALO,2150,TRUE,421,TRUE,#Name?,#Name?
601,POULET,CUBES POULET  NATURE // NATURAL CHICKEN CUBES,454 GR - 1 LBS-PDS,7.00 $,64,CUBES À BROCHETTES,0349,TRUE,350,TRUE,#Name?,#Name?
602,POULET,CUISSE DE POULET (PQT 2) // CHICKEN LEGS,2 X 340 GR - 2 X 12 OZ,4.75 $,44,CUISSE DE POULET (PQT 2),0015,TRUE,324,TRUE,#Name?,#Name?
604,POULET,HAUT DE CUISSE AVEC OS (PQT 2) // CHICKEN THIGH WITH BONE,2 X 170 GR - 2  X 6 OZ,3.98 $,37,HAUT DE CUISSE DE POULET,0807,TRUE,353,TRUE,#Name?,#Name?
606,POULET,LANIÈRES DE POULET // CHICKEN BRERAST STRIPS,454 GR - 1 LBS-PDS,6.65 $,61,LANIÈRE DE POULET,10096,FALSE,2479,TRUE,#Name?,#Name?
607,POULET,PILONS DE POULET (PQT 4) // CHICKEN DRUMSTICKS,4 X 113 GR - 4 X 4 OZ,3.15 $,29,PILONS DE POULET,0808,TRUE,356,TRUE,#Name?,#Name?
609,POULET,POITRINE POULE DÉSOSSÉE // BONELESS CHICKEN BREAST,2 X 227 GR - 2 X 8 OZ,6.30 $,58,POITRINE DE POULE DÉSOSSÉE,0861,TRUE,326,TRUE,#Name?,#Name?
611,POULET,POITRINE POULET AVEC OS // CHICKEN BREAST BONE IN,567 GR - 1_ LBS-PDS,5.75 $,53,POITRINE DE POULET AVEC OS,0073,TRUE,325,TRUE,#Name?,#Name?
612,POULET,POULET HACHÉ // GROUND CHICKEN,454 GR - 1 LBS / PDS,6.65 $,61,POULET HACHÉ // GROUND CHICKEN,612,FALSE,2486,TRUE,#Name?,#Name?
613,POULET,TOURNEDOS POULET BACON  // BACON CHICKEN TOURNEDOS,2 X  227 GR  - 2 X 8 OZ,7.80 $,72,TOURNEDOS DE POULET / BACON (PQT DE 2 X 170 GR,0020,TRUE,362,TRUE,#Name?,#Name?
614,POULET,POULET ENTIER DE GRAIN // GRAIN FED HOLD CHICKEN,1.81 KG - 4 LBS-PDS,11.60 $,107,POULET DE GRAIN,0085,TRUE,323,TRUE,#Name?,#Name?
615,POULET,CHAPON ENTIER // HOLD CAPON,2.72 KG - 6 LBS-PDS,17.40 $,160,CHAPON ENTIER // HOLD CAPON,614,FALSE,2485,TRUE,#Name?,#Name?
616,POULET,HAUT DE CUISSE DÉSSOSÉ,454 GR - 1 LBS-PDS,4.10 $,38,HAUT DE CUISSE DÉSSOSÉ,616,FALSE,2511,TRUE,#Name?,#Name?
617,POULET,GÉSIER DE POULET,908 GR -  2 LBS-PDS,7.00 $,64,GÉSIER DE POULET,617,FALSE,2536,TRUE,#Name?,#Name?
700,VEAU,COTELETTE DE VEAU  // VEAL RIB CHOPS,454 GR - 1. LBS-PDS,17.00 $,156,COTELETTE DE VEAU (PQT2),0957,TRUE,367,TRUE,#Name?,#Name?
701,VEAU,CUBES VEAU (RAGOÛT) // VEAL DICED CUBES LEAN,454 GR - 1. LBS-PDS,12.50 $,115,CUBES DE VEAU (RAGOÛT)  1 LBS (454 GR),0390,TRUE,456,TRUE,#Name?,#Name?
702,VEAU,ESCALOPE DE VEAU // VEAL SCALOPPINE,454 GR -1 - LBS-PDS,12.50 $,115,ESCALOPE DE VEAU,0123,FALSE,2177,TRUE,#Name?,#Name?
703,VEAU,FOIE DE VEAU // CALF LIVER,454 GR - 1 LBS - PDS,5.00 $,46,BITECK DE FOIE DE VEAU,0120,TRUE,458,TRUE,#Name?,#Name?
704,VEAU,VEAU HACHÉ // GROUND VEAL,454 GR - 1 LBS-PDS,6.50 $,60,VEAU HACHÉ,0068,TRUE,459,TRUE,#Name?,#Name?
705,VEAU,RÔTI DE CUISSE DE  VEAU // VEAL ROAST,908 GR - 2 LBS-PDS,16.66 $,153,RÔTI DE CUISSE DE  VEAU 2 LBS,0055,FALSE,2171,TRUE,#Name?,#Name?
706,VEAU,RÔTI DE CUISSE DE  VEAU // VEAL ROAST,1.36 KG -3 LBS-PDS,25.00 $,230,RÔTI DE CUISSE DE  VEAU 2 LBS,0056,FALSE,2172,TRUE,#Name?,#Name?
707,VEAU,RÔTI DE CUISSE DE  VEAU // VEAL ROAST,1.81 KG - 4 LBS-PDS,32.33 $,297,RÔTI DE CUISSE DE  VEAU // VEAL ROAST,707,FALSE,2487,TRUE,#Name?,#Name?
708,VEAU,JARRET DE VEAU OSSO BUCO // VEAL OSSO BUCO,908 GR - 2 LBS-PDS,16.60 $,152,JARRET OSSO BUCO DE VEAU,0121,FALSE,2174,TRUE,#Name?,#Name?
709,VEAU,VEAU ATTENDRI // VEAL MINUTE STEAK,227 GR - 8 OZ,12.50 $,115,VEAU ATTENDRI,0142,TRUE,623,TRUE,#Name?,#Name?
800,AGNEAU,CARRÉ D'AGNEAU // LAMB SQUARE,2 CARRÉS DE 1.25 KG // 2 SQUARE OF 1.25 KG,96.25 $,884,COTELETTE D'AGNEAU,0061,FALSE,2477,TRUE,#Name?,#Name?
801,AGNEAU,CARRE FRANCAIS 10 COTES // LAMB FRENCH RACK 10 RIBS,1 CARRE 550 GR 1 RACK 550 GR,111.51 $,1024,LAMB FRENCH RACK,0801,FALSE,2498,TRUE,#Name?,#Name?
802,AGNEAU,COTELLETTE D'AGNEAU // LAMB CHOP,454 GR - 1. LBS-PDS,28.63 $,263,COTELLETTE D'AGNEAU // LAMB CHOP,802,FALSE,2525,TRUE,#Name?,#Name?
803,AGNEAU,CUBES À MIJOTER // STEWING DICES,1 PQT DE 1.3 KG // 1 PQT OF 1.3 KG,28.63 $,263,CUBES À MIJOTER // STEWING DICES,803,FALSE,2527,TRUE,#Name?,#Name?
804,AGNEAU,GIGOT DÉSSOSÉ PARÉ // ROAST BONELESS READY,1 GIGOT DE 1.5 KG // 1 ROAST OF 1.5 KG,50.31 $,462,GIGOT DÉSSOSÉ PARÉ // ROAST BONELESS READY,804,FALSE,2528,TRUE,#Name?,#Name?
805,AGNEAU,AGNEAU HACHÉ // GROUND LAMB,1 PAQUETS DE 1.3 KG,19.43 $,178,AGNEAU HACHÉ,805,FALSE,2526,TRUE,#Name?,#Name?
806,AGNEAU,MÉDALLION DE GIGOT,2 MÉDALLIONS DE 120 GR,23.00 $,211,MÉDALLION DE GIGOT,806,FALSE,2529,TRUE,#Name?,#Name?
807,AGNEAU,ROTI GIGOT D AGNEAU  // LAMB ROAST (GIGOT),1 ROTI 550 GR  / 1 ROAST 550 GR,14.79 $,136,R[OTI GIGOT D AGNEAU  // LAMB ROAST (GIGOT),0807,FALSE,2497,TRUE,#Name?,#Name?
842,CAILLE,CAILLE ENTIERE,1 PAQUET DE 2 CAILLE DE 135 GR,4.20 $,39,CAILLE ENTIERE,842,FALSE,2502,TRUE,#Name?,#Name?
852,SAUSSICES MAISON,SAUCISSE FINES HERBES & AIL // FINE HERBES & GARLIC,3 A 4 SAUCISSES,4.50 $,41,SAUCISSE FINES HERBES & AIL,0000,FALSE,2367,TRUE,#Name?,#Name?
853,SAUSSICES MAISON,SAUCISSE FROMAGE BACON // BACON & CHEESE,3 A 4 SAUCISSES,4.75 $,44,SAUCISSE FROMAGE CHAMPIGNONS,0000,FALSE,2368,TRUE,#Name?,#Name?
854,SAUSSICES MAISON,SAUCISSE ITALIENNE DOUCE // MILD ITALIAN,3 A 4 SAUCISSES,4.50 $,41,SAUCISSE ITALIENNE DOUCE,2078,FALSE,2369,TRUE,#Name?,#Name?
855,SAUSSICES MAISON,SAUCISSE ITALIENNE MI-FORTE // MID-HOT ITALIAN,3 A 4 SAUCISSES,4.50 $,41,SAUCISSE ITALIENNE MI-FORTE // MID-HOT ITALIAN,1004,FALSE,2492,TRUE,#Name?,#Name?
856,SAUSSICES MAISON,SAUCISSE ITALIENNE FORTE // HOT ITALIAN,3 A 4 SAUCISSES,4.50 $,41,SAUCISSE ITALIENNE FORTE,2076,FALSE,2370,TRUE,#Name?,#Name?
857,SAUSSICES MAISON,SAUCCISES MIEL ET AIL // HONEY & GARLIC,3 A 4 SAUCISSES,4.50 $,41,SAUCCISES MIEL ET AIL,1007,FALSE,2493,TRUE,#Name?,#Name?
858,SAUSSICES MAISON,SAUSSISES CIBOULETTE // CHIVES SAUSAGE,3 A 4 SAUCISSES,4.50 $,41,SAUSSISESCIBOULETTE,1008,FALSE,2494,TRUE,#Name?,#Name?
859,SAUSSICES MAISON,SAUCISSE POLONAISE // POLISH SAUSAGE,3 A 4 SAUCISSES,4.50 $,41,SAUCISSE POLONAISE,0000,FALSE,2371,TRUE,#Name?,#Name?
860,SAUSSICES MAISON,SAUCISSE TOMATE BASILIC // TOMATO & BASIL,3 A 4 SAUCISSES,4.50 $,41,SAUCISSE TOMATE BASILIC,0000,FALSE,2373,TRUE,#Name?,#Name?
861,SAUSSICES MAISON,SAUCISSE TOULOUSE // TOULOUSE SAUSAGE,3 A 4 SAUCISSES,4.50 $,41,SAUCISSE TOULOUSE,0000,FALSE,2374,TRUE,#Name?,#Name?
862,SAUSSICES MAISON,SAUCISSE OCTOBERFEST // OCTOBERFEST SAUSAGE,3 A 4 SAUCISSES,4.50 $,41,SAUCISSE POULET,0000,FALSE,2372,TRUE,#Name?,#Name?
863,SAUSSICES MAISON,SAUCISSE AU POIVRE // PEPPER SAUSAGE,3 A 4 SAUCISSES,4.50 $,41,SAUCISSE BROCOLI FROMAGE,0000,FALSE,2375,TRUE,#Name?,#Name?
864,SAUSSICES MAISON,SAUCISSE BBQ // BBQ SAUSAGE,3 A 4 SAUCISSES,4.50 $,41,SAUCISSE SUISSE,0000,FALSE,2376,TRUE,#Name?,#Name?
865,SAUSSICES MAISON,SAUCISSE BISON // BISON SAUSAGE,3 A 4 SAUCISSES,9.50 $,87,SAUCISSE AGNEAU MERGEZ (FORTE),0000,FALSE,2378,TRUE,#Name?,#Name?
867,FONDUE CHINOISE,FONDUE CHINOISE BŒUF // BEEF CHINESE FONDUE,300 GR - 10 OZ,5.00 $,46,FONDUE CHINOISE DE BOEUF,0250,TRUE,335,TRUE,#Name?,#Name?
868,FONDUE CHINOISE,FONDUE CHINOISE PORC // PORC CHINESE FONDUE,300 GR - 10 OZ,4.40 $,40,FONDUE CHINOISE PORC NAGANO,8385007,TRUE,605,TRUE,#Name?,#Name?
869,FONDUE CHINOISE,FONDUE CHINOISE POULET // CHICKEN CHINESE FONDUE,300 GR - 10 OZ,5.00 $,46,FONDUE CHINOISE AU POULET DE GRAIN,0351,TRUE,435,TRUE,#Name?,#Name?
870,FONDUE CHINOISE,CUBE À FONDUE BŒUF // BEEF FONDUE CUBE,454 GR - 1 LBS-PDS,5.67 $,52,CUBE À FONDUE DE BŒUF,0320,FALSE,2268,TRUE,#Name?,#Name?
900,BISON,ROTI DE BISON // BISON ROAST,1.8 KG - 4 LBS - PDS,,0,ROTI DE BISON // BISON ROAST,900,FALSE,2501,TRUE,#Name?,#Name?
901,BISON,BISON CONTRE FILET  // STRIPLOIN BISON FILET,454 GR - 1. LBS-PDS,,104,BISON CONTRE FILET,8101,FALSE,2443,TRUE,#Name?,#Name?
902,BISON,BURGERS DE 100 % BISON // 100% BISON BURGERS,18 DE 4 X 113 GR,,647,BURGERS DE 100 % BISON,608200,FALSE,2481,TRUE,#Name?,#Name?
903,BISON,BISON CUBES À BROCHETTES // CUBES FOR KABOB,454 GR - 1. LBS-PDS,,48,BISON CUBES À BROCHETTES,8102,FALSE,2444,TRUE,#Name?,#Name?
904,BISON,BISON CUBES À MIJOTERS // STEWING CUBES,454 GR - 1. LBS-PDS,,51,BISON CUBES À MIJOTERS,8103,FALSE,2445,TRUE,#Name?,#Name?
905,BISON,BISON FAUX FILET // BISON RIB EYE,227 GR - 8 OZ,,97,BISON ENTRECOTE DÉSOSSÉ,8104,FALSE,2446,TRUE,#Name?,#Name?
906,BISON,BISON HACHÉ EXTRA MAIGRE // EXTRA LEAN GROUND BISON,454 GR - 1. LBS-PDS,7.15 $,48,BISON HACHÉ EXTRA MAIGRE,8105,FALSE,2447,TRUE,#Name?,#Name?
907,CANARD,CANARD GAVE MARGRET,1 PAQUET DE + - 400 GR,10.33 $,95,CANARD GAVE MARGRET,907,FALSE,2503,TRUE,#Name?,#Name?
908,BISON,MÉDALLION DE BISON,1 PQT DE 150 GR // 1 PACK OF 150 GR,5.00 $,46,MÉDALLION DE BISON,908,FALSE,2530,TRUE,#Name?,#Name?
975,PRODUITS TRANS,PATE AU POULET FORMAT 9 POUCE,1 BOITE DE 4 PATES (585 GR),20.12 $,185,PATE AU POULET FORMAT 9 POUCE,975,FALSE,2504,TRUE,#Name?,#Name?
976,PRODUITS TRANS,PATE AU SAUMON FORMAT 9 POUCE,1 BOITE DE 4 PATES (585 GR),20.12 $,185,PATE AU SAUMON FORMAT 9 POUCE,976,FALSE,2505,TRUE,#Name?,#Name?
977,PRODUITS TRANS,PATE DU LAC ST-JEAN (CIPAILLE) FORMAT 9 POUCE,1 BOITE DE 4 PATES (750 GR),22.40 $,206,PATE DU LAC ST-JEAN (CIPAILLE) FORMAT 9 POUCE,977,FALSE,2506,TRUE,#Name?,#Name?
978,PRODUITS TRANS,PATE FEUILLETE SAUMON CREVETTE FORMAT P POUCE,1 BOITE DE 4 PATES (540 GR),20.12 $,185,PATE FEUILLETE SAUMON CREVETTE FORMAT P POUCE,978,FALSE,2507,TRUE,#Name?,#Name?
979,PRODUITS TRANS,PATE FEUILLETE POULET / CHAMPIGNON 9'',1 BOITE DE 4 PATES (540 GR),20.12 $,185,,979,FALSE,2512,TRUE,#Name?,#Name?
980,PRODUITS TRANS,QUICHE JAMBON ÉRABLE,1 BOITE DE 4 QUICHES (575 GR),20.12 $,185,,980,FALSE,2515,TRUE,#Name?,#Name?
981,PRODUITS TRANS,"PATÉ FEUILLETÉ JAMBON FROMAGE FORMAT 9""",1 BOITE DE 4 PATES (540 GR),20.12 $,185,,981,FALSE,2516,TRUE,#Name?,#Name?
982,PRODUITS TRANS,"PATÉ FEUILLETÉ AUX ÉPINARD FORMAT 9""",1 BOITE DE 4 PATES (540 GR),24.50 $,225,,982,FALSE,2517,TRUE,#Name?,#Name?
983,PRODUITS TRANS,"PATÉ FEUILLETÉ AUX CANARD FORMAT 9""",1 BOITE DE 4 PATES (540 GR),20.12 $,185,,983,FALSE,2518,TRUE,#Name?,#Name?
984,PRODUITS TRANS,QUICHE LORRAINE,1 BOITE DE 4 QUICHES (575 GR),20.12 $,185,,984,FALSE,2519,TRUE,#Name?,#Name?
985,PRODUITS TRANS,QUICHE AUX ÉPINARD,1 BOITE DE 4 QUICHES (550 GR),20.12 $,185,,985,FALSE,2520,TRUE,#Name?,#Name?
986,PRODUITS TRANS,QUICHE JAMBON ASPERGE,1 BOITE DE 4 QUICHES (575 GR),20.12 $,185,,986,FALSE,2521,TRUE,#Name?,#Name?
987,PRODUITS TRANS,QUICHE AUX 5 FROMAGES,1 BOITE DE 4 QUICHES (565 GR),20.12 $,185,,987,FALSE,2522,TRUE,#Name?,#Name?
988,PRODUITS TRANS,QUICHE PROVINCIALE,1 BOITE DE 4 QUICHES (550 GR),20.12 $,185,,988,FALSE,2523,TRUE,#Name?,#Name?
989,PRODUITS TRANS,TOURTIÈRE,1 BOITE DE 4 PATES (585 GR),20.12 $,185,,989,FALSE,2524,TRUE,#Name?,#Name?